Tahun,Kode_Reporter,Negara_Reporter,Kode_Mitra,Negara_Mitra,Kode_Arus,Arus_Perdagangan,Kode_HS,Nama_Barang,Satuan_Kuantitas,Kuantitas,Berat_Bersih_Kg,Nilai_Impor_USD,Dilaporkan_Langsung
2024,360,Indonesia,156,China,M,Import,890190,"Vessels; n.e.c. in heading no. 8901, for the transport of goods and other vessels for the transport of both persons and goods",N/A,0.0,309793014.0,402301919.0,True
2024,360,Indonesia,156,China,M,Import,851761,Base stations,N/A,0.0,2061896.0,218958692.0,True
2024,360,Indonesia,156,China,M,Import,999999,Commodities not specified according to kind,N/A,0.0,0.0,201725107.0,False
2024,360,Indonesia,156,China,M,Import,846599,"Machine-tools; for working wood, cork, bone, hard rubber, hard plastics or similar hard materials; n.e.c. in heading no. 8465",N/A,0.0,40700734.0,197091079.0,True
2024,360,Indonesia,156,China,M,Import,840681,"Turbines; steam and other vapour turbines, (for other than marine propulsion), of an output exceeding 40MW",N/A,0.0,25930933.0,192492206.0,True
2024,360,Indonesia,156,China,M,Import,870410,"Vehicles; dumpers, designed for off-highway use, for transport of goods",N/A,0.0,36583857.0,165316948.0,True
2024,360,Indonesia,156,China,M,Import,847420,"Machines; for crushing or grinding earth, stone, ores or other mineral substances",N/A,0.0,35086227.0,124473304.0,True
2024,360,Indonesia,156,China,M,Import,847780,"Machinery; for working rubber or plastics or for the manufacture of products from these materials, n.e.c. in this chapter",N/A,0.0,20127641.0,120849706.0,True
2024,360,Indonesia,156,China,M,Import,842833,"Elevators and conveyors; continuous-action, for goods or materials, belt type, n.e.c. in item no. 8428.20 or 8428.31",N/A,0.0,25062560.0,101793404.0,True
2024,360,Indonesia,156,China,M,Import,842619,"Cranes; transporter, gantry and bridge cranes",N/A,0.0,24507668.0,99460633.0,True
2024,360,Indonesia,156,China,M,Import,860900,Containers; (including containers for transport of fluids) specially designed and equipped for carriage by one or more modes of transport,N/A,0.0,101722627.0,94232383.0,True
2024,360,Indonesia,156,China,M,Import,842649,"Cranes; self-propelled derricks and cranes, not on tyres, n.e.c. in heading no. 8426",N/A,0.0,36247198.0,86058505.0,True
2024,360,Indonesia,156,China,M,Import,845521,Metal-rolling mills; hot or combination hot and cold rolling mills,N/A,0.0,9723207.0,77255647.0,True
2024,360,Indonesia,156,China,M,Import,845420,Ingot moulds and ladles; of a kind used in metallurgy or in metal foundries,N/A,0.0,12736095.0,72825165.0,True
2024,360,Indonesia,156,China,M,Import,852859,"Monitors other than cathode-ray tube; n.e.c. in subheading 8528.52, whether or not colour",N/A,0.0,3439699.0,60097469.0,True
2024,360,Indonesia,156,China,M,Import,845430,Casting machines; of a kind used in metallurgy or in metal foundries,N/A,0.0,12729870.0,55321105.0,True
2024,360,Indonesia,156,China,M,Import,852492,"Flat panel display modules, whether or not incorporating touch-sensitive screens; of organic light-emitting diodes (OLED), with drivers or control circuits",N/A,0.0,270431.0,54206839.0,True
2024,360,Indonesia,156,China,M,Import,940171,"Seats; with metal frames, upholstered, (excluding medical, surgical, dental, veterinary or barber furniture)",N/A,0.0,17140221.0,43298482.0,True
2024,360,Indonesia,156,China,M,Import,845320,"Machinery; for making or repairing footwear, other than sewing machines",N/A,0.0,5463992.0,39750074.0,True
2024,360,Indonesia,156,China,M,Import,848640,"Machines and apparatus of a kind used solely or principally for the manufacture or repair of masks and reticles, assembling semiconductor devices or electronic integrated circuits, or for lifting, handling, loading or unloading items of heading 8486",N/A,0.0,3546043.0,34088379.0,True
2024,360,Indonesia,156,China,M,Import,910211,"Wrist-watches; electrically operated, with or without a stop-watch, (other than those of heading no. 9101) with mechanical display only",N/A,0.0,481881.0,31241739.0,True
2024,360,Indonesia,156,China,M,Import,842123,"Machinery; filtering or purifying machinery, oil or petrol filters for internal combustion engines",N/A,0.0,6457898.0,31092034.0,True
2024,360,Indonesia,156,China,M,Import,940161,"Seats; with wooden frames, upholstered, (excluding medical, surgical, dental, veterinary or barber furniture)",N/A,0.0,8391840.0,29114559.0,True
2024,360,Indonesia,156,China,M,Import,902219,"Apparatus based on the use of x-rays, including radiography or radiotherapy apparatus; for other than medical, surgical, dental or veterinary uses",N/A,0.0,293885.0,27741758.0,True
2024,360,Indonesia,156,China,M,Import,847960,Machinery and mechanical appliances; evaporative air coolers,N/A,0.0,5103839.0,26858185.0,True
2024,360,Indonesia,156,China,M,Import,847920,Machinery; for the extraction or preparation of animal or fixed vegetable or microbial fats or oils,N/A,0.0,2600841.0,25234764.0,True
2024,360,Indonesia,156,China,M,Import,845530,Metal-rolling mills; rolls thereof,N/A,0.0,9724796.0,24564827.0,True
2024,360,Indonesia,156,China,M,Import,845380,"Machinery; for making or repairing articles of hides, skins or leather, other than sewing machines",N/A,0.0,1990587.0,23808181.0,True
2024,360,Indonesia,156,China,M,Import,902680,"Instruments and apparatus; for measuring or checking variables of liquids or gases (excluding pressure or the flow and level of liquids and those of heading no. 9014, 9015, 9028 and 9032)",N/A,0.0,3041840.0,23184796.0,True
2024,360,Indonesia,156,China,M,Import,841710,"Furnaces and ovens; non-electric, for the roasting, melting or other heat-treatment of ores, pyrites or of metals, for industrial or laboratory use",N/A,0.0,9767081.0,22998166.0,True
2024,360,Indonesia,156,China,M,Import,845020,"Washing machines; household or laundry-type, of a dry linen capacity exceeding 10kg",N/A,0.0,5742459.0,20485933.0,True
2024,360,Indonesia,156,China,M,Import,842511,Pulley tackle and hoists; powered by an electric motor (excluding skip hoists or hoists of a kind used for raising vehicles),N/A,0.0,4896433.0,20151749.0,True
2024,360,Indonesia,156,China,M,Import,871680,Vehicles; n.e.c. in heading no. 8716,N/A,0.0,11493046.0,19087962.0,True
2024,360,Indonesia,156,China,M,Import,845522,Metal-rolling mills; cold,N/A,0.0,4857327.0,18973499.0,True
2024,360,Indonesia,156,China,M,Import,370130,"Photographic plates and film; in the flat, sensitised, unexposed, with any side exceeding 225mm, of any materials other than paper, paperboard or textiles",N/A,0.0,4780936.0,18103229.0,True
2024,360,Indonesia,156,China,M,Import,848360,Clutches and shaft couplings (including universal joints),N/A,0.0,3700027.0,16877382.0,True
2024,360,Indonesia,156,China,M,Import,844313,"Printing machinery; offset, n.e.c. in item no. 8443.1",N/A,0.0,1066389.0,16687938.0,True
2024,360,Indonesia,156,China,M,Import,847910,"Machinery and mechanical appliances; for public works, building or the like",N/A,0.0,2745840.0,15253885.0,True
2024,360,Indonesia,156,China,M,Import,843629,Poultry-keeping machinery; other than incubators and brooders,N/A,0.0,6409013.0,13890193.0,True
2024,360,Indonesia,156,China,M,Import,854141,"Electrical apparatus; photosensitive semiconductor devices, light emitting diodes (LED)",N/A,0.0,565562.0,13766794.0,True
2024,360,Indonesia,156,China,M,Import,843069,"Machinery; for moving, levelling, scraping, grading, excavating earth minerals or ores; not self propelled n.e.c in 84.30",N/A,0.0,1737820.0,13513143.0,True
2024,360,Indonesia,156,China,M,Import,851840,Amplifiers; audio-frequency electric,N/A,0.0,4173898.0,13456395.0,True
2024,360,Indonesia,156,China,M,Import,860110,Rail locomotives; powered from an external source of electricity,N/A,0.0,4164126.0,13232248.0,True
2024,360,Indonesia,156,China,M,Import,851531,"Welding machines and apparatus; for arc (including plasma arc) welding of metals, fully or partly automatic, whether or not capable of cutting",N/A,0.0,1333049.0,11635493.0,True
2024,360,Indonesia,156,China,M,Import,852411,"Flat panel display modules, whether or not incorporating touch-sensitive screens; of liquid crystals, without drivers or control circuits",N/A,0.0,2404239.0,10811214.0,True
2024,360,Indonesia,156,China,M,Import,846262,"Machine-tools; cold metal working presses, mechanical presses",N/A,0.0,3611272.0,10562866.0,True
2024,360,Indonesia,156,China,M,Import,846420,"Machine-tools; grinding or polishing machines, for working stone, ceramics, concrete, asbestos-cement or like mineral materials or for cold working glass",N/A,0.0,2053297.0,10368392.0,True
2024,360,Indonesia,156,China,M,Import,853929,"Lamps; filament, (excluding ultra-violet or infra-red), n.e.c. in item no. 8539.2",N/A,0.0,2397824.0,10287292.0,True
2024,360,Indonesia,156,China,M,Import,846150,"Machine-tools; sawing or cutting-off machines, working by removing metal, sintered metal carbides or cermets",N/A,0.0,2066198.0,9994893.0,True
2024,360,Indonesia,156,China,M,Import,842539,Winches; capstans; not powered by an electric motor,N/A,0.0,2189574.0,9907705.0,True
2024,360,Indonesia,156,China,M,Import,850120,Electric motors; universal AC/DC of an output exceeding 37.5W,N/A,0.0,4541658.0,9695503.0,True
2024,360,Indonesia,156,China,M,Import,846410,"Machine-tools; sawing machines, for working stone, ceramics, concrete, asbestos-cement or like mineral materials or for cold working glass",N/A,0.0,1236462.0,9681809.0,True
2024,360,Indonesia,156,China,M,Import,854160,Crystals; mounted piezo-electric,N/A,0.0,54522.0,9653573.0,True
2024,360,Indonesia,156,China,M,Import,901813,"Medical, surgical instruments and appliances; magnetic resonance imaging apparatus",N/A,0.0,138193.0,9031978.0,True
2024,360,Indonesia,156,China,M,Import,842330,"Weighing machines; constant weight scales and scales for discharging a predetermined weight of material into a bag or container, including hopper scales",N/A,0.0,2311457.0,8696053.0,True
2024,360,Indonesia,156,China,M,Import,847529,"Machines; for manufacturing or hot working glass or glassware, not for making optical fibres and preforms thereof",N/A,0.0,985700.0,8556661.0,True
2024,360,Indonesia,156,China,M,Import,841720,"Ovens; non-electric, bakery ovens, including biscuit ovens",N/A,0.0,2081454.0,8051481.0,True
2024,360,Indonesia,156,China,M,Import,846310,"Machine-tools; for working metal, sintered metal carbides or cermets, without removing material, draw-benches for bars, tubes, profiles, wire or the like",N/A,0.0,1442794.0,7879726.0,True
2024,360,Indonesia,156,China,M,Import,852419,"Flat panel display modules, whether or not incorporating touch-sensitive screens; of other than liquid crystals or organic light-emitting diodes (OLED), without drivers or control circuits",N/A,0.0,393769.0,7829111.0,True
2024,360,Indonesia,156,China,M,Import,910700,"Time switches; with clock, watch movement or synchronous motor",N/A,0.0,1200859.0,7732806.0,True
2024,360,Indonesia,156,China,M,Import,848610,Machines and apparatus of a kind used solely or principally for the manufacture of semiconductor boules or wafers,N/A,0.0,659315.0,7539650.0,True
2024,360,Indonesia,156,China,M,Import,846232,"Machine-tools; slitting lines and cut-to-length lines, for working metal",N/A,0.0,1617939.0,7531015.0,True
2024,360,Indonesia,156,China,M,Import,846596,"Machine-tools; for working wood, cork, bone, hard rubber, hard plastics or similar hard materials; splitting, slicing or paring machines",N/A,0.0,2768804.0,7331477.0,True
2024,360,Indonesia,156,China,M,Import,840820,"Engines; compression-ignition internal combustion piston engines (diesel or semi-diesel engines), of a kind used for the propulsion of vehicles of chapter 87",N/A,0.0,516666.0,7138954.0,True
2024,360,Indonesia,156,China,M,Import,846290,"Machine-tools; (including presses) for working metal by forging, hammering or die-forging, for bending, folding, straightening, flattening, shearing, punching, notching or nibbling metal, n.e.c. in heading 8462",N/A,0.0,1475976.0,7092240.0,True
2024,360,Indonesia,156,China,M,Import,848220,"Bearings; tapered roller bearings, including cone and tapered roller assemblies",N/A,0.0,953907.0,6983643.0,True
2024,360,Indonesia,156,China,M,Import,871310,Carriages for disabled persons; not mechanically propelled,N/A,0.0,2504454.0,6853892.0,True
2024,360,Indonesia,156,China,M,Import,846591,"Machine-tools; for working wood, cork, bone, hard rubber, hard plastics or similar hard materials; sawing machines",N/A,0.0,1506095.0,6020678.0,True
2024,360,Indonesia,156,China,M,Import,901780,Mathematical instruments and equipment; n.e.c. in heading no. 9017,N/A,0.0,2375086.0,5265706.0,True
2024,360,Indonesia,156,China,M,Import,842699,"Cranes and derricks; for other than mounting on road vehicles, n.e.c. in heading no. 8426",N/A,0.0,1328170.0,5188339.0,True
2024,360,Indonesia,156,China,M,Import,841920,"Sterilizers; for medical, surgical or laboratory use, not used for domestic purposes",N/A,0.0,323757.0,5094072.0,True
2024,360,Indonesia,156,China,M,Import,851519,"Brazing or soldering machines and apparatus; other than soldering irons and guns, whether or not capable of cutting",N/A,0.0,1162975.0,4927278.0,True
2024,360,Indonesia,156,China,M,Import,851180,"Ignition or starting equipment; n.e.c. in heading no. 8511, of a kind used for spark or compression-ignition internal combustion engines",N/A,0.0,1493000.0,4825092.0,True
2024,360,Indonesia,156,China,M,Import,844621,"Weaving machines (looms); for weaving fabrics of a width exceeding 30cm, shuttle type, power looms",N/A,0.0,877710.0,4533886.0,True
2024,360,Indonesia,156,China,M,Import,845929,"Machine-tools; for drilling by removing metal, other than numerically controlled",N/A,0.0,1246476.0,4474074.0,True
2024,360,Indonesia,156,China,M,Import,902730,"Spectrometers, spectrophotometers and spectrographs; using optical radiations (UV, visible, IR)",N/A,0.0,70455.0,4241347.0,True
2024,360,Indonesia,156,China,M,Import,401219,"Retreaded tyres; other than of a kind used on motor cars (including station wagons and racing cars), buses and lorries and aircraft",N/A,0.0,5245661.0,4125158.0,True
2024,360,Indonesia,156,China,M,Import,841933,"Dryers; lyophilisation apparatus, freeze drying units and spray dryers, not used for domestic purposes",N/A,0.0,998975.0,4040177.0,True
2024,360,Indonesia,156,China,M,Import,844311,"Printing machinery; offset, reel-fed",N/A,0.0,296358.0,4027464.0,True
2024,360,Indonesia,156,China,M,Import,846219,"Machine-tools; hot forming machines, hot hammers, for working metal",N/A,0.0,1115944.0,3865929.0,True
2024,360,Indonesia,156,China,M,Import,843352,Threshing machinery; other than combine harvester-threshers,N/A,0.0,644655.0,3451844.0,True
2024,360,Indonesia,156,China,M,Import,851621,Heating apparatus; electric storage heating radiators,N/A,0.0,53843.0,3420336.0,True
2024,360,Indonesia,156,China,M,Import,850132,"Electric motors and generators; DC, of an output exceeding 750W but not exceeding 75kW",N/A,0.0,600507.0,3126128.0,True
2024,360,Indonesia,156,China,M,Import,890790,"Floating structures; tanks, coffer-dams, landing stages, buoys and beacons",N/A,0.0,1070833.0,3114156.0,True
2024,360,Indonesia,156,China,M,Import,846242,"Machine-tools; punching, notching or nibbling machines (excluding presses) for flat products including combined punching and shearing machines, numerically controlled, for working metal",N/A,0.0,725360.0,2949139.0,True
2024,360,Indonesia,156,China,M,Import,845961,"Machine-tools; for milling by removing metal, (not knee-type), numerically controlled",N/A,0.0,526719.0,2893558.0,True
2024,360,Indonesia,156,China,M,Import,846226,"Machine-tools; bending, folding, straightening or flattening machines (including presses), for working metal, numerically controlled bending, folding, straightening or fattening machines (not press brakes, panel benders or roll forming machines)",N/A,0.0,616240.0,2847776.0,True
2024,360,Indonesia,156,China,M,Import,843039,Coal or rock cutters and tunnelling machinery; not self-propelled,N/A,0.0,350357.0,2651315.0,True
2024,360,Indonesia,156,China,M,Import,846269,"Machine-tools; cold metal working presses, other than hydraulic, mechanical or servo-presses",N/A,0.0,896067.0,2332234.0,True
2024,360,Indonesia,156,China,M,Import,842919,"Bulldozers and angledozers; self-propelled, other than track laying",N/A,0.0,580648.0,2287790.0,True
2024,360,Indonesia,156,China,M,Import,850750,"Electric accumulators; nickel-metal hydride, including separators, whether or not rectangular (including square)",N/A,0.0,661457.0,2282277.0,True
2024,360,Indonesia,156,China,M,Import,850134,"Electric motors and generators; DC, of an output exceeding 375kW",N/A,0.0,462937.0,2274091.0,True
2024,360,Indonesia,156,China,M,Import,902810,"Meters; gas, supply or production meters, including calibrating meters thereof",N/A,0.0,273036.0,2242519.0,True
2024,360,Indonesia,156,China,M,Import,845969,"Machine-tools; for milling by removing metal, not knee-type, other than numerically controlled",N/A,0.0,973491.0,2155256.0,True
2024,360,Indonesia,156,China,M,Import,890690,"Vessels; other, including lifeboats other than rowing boats, other than warships",N/A,0.0,226168.0,2126750.0,True
2024,360,Indonesia,156,China,M,Import,845690,Machine tools; for working any material by removal of material; operated by other processes n.e.c. in heading 8456,N/A,0.0,161113.0,2108416.0,True
2024,360,Indonesia,156,China,M,Import,846820,"Machinery and apparatus; gas operated machinery and apparatus n.e.c. in item no. 8468.10, for soldering, brazing or welding, whether or not capable of cutting",N/A,0.0,624639.0,1935472.0,True
2024,360,Indonesia,156,China,M,Import,846023,"Machine-tools; cylindrical grinding machines (excluding flat-surface and centreless), numerically controlled",N/A,0.0,196938.0,1917550.0,True
2024,360,Indonesia,156,China,M,Import,847150,"Units of automatic data processing machines; processing units other than those of item no. 8471.41 or 8471.49, whether or not containing in the same housing one or two of the following types of unit: storage units, input units or output units",N/A,0.0,6193.0,1738912.0,True
2024,360,Indonesia,156,China,M,Import,844339,"Printing, copying, and facsimile machines; single-function printing, copying or facsimile machines, not capable of connecting to an automatic data processing machine or to a network",N/A,0.0,386667.0,1685946.0,True
2024,360,Indonesia,156,China,M,Import,853080,"Signalling, safety or traffic control equipment; for roads, inland waterways, parking facilities, port installations or airfields (excluding those of heading no. 8608)",N/A,0.0,358616.0,1538734.0,True
2024,360,Indonesia,156,China,M,Import,660200,"Walking-sticks, seat-sticks, whips, riding-crops and the like",N/A,0.0,506958.0,1482895.0,True
2024,360,Indonesia,156,China,M,Import,960840,Pencils; propelling or sliding,N/A,0.0,306545.0,1449435.0,True
2024,360,Indonesia,156,China,M,Import,845970,Machine-tools; for threading or tapping by removing metal,N/A,0.0,287431.0,1389477.0,True
2024,360,Indonesia,156,China,M,Import,910119,"Wrist-watches; electrically operated, with or without a stop-watch, with case of precious metal or metal clad with precious metal, without mechanical display",N/A,0.0,1620070.0,1324970.0,True
2024,360,Indonesia,156,China,M,Import,903082,Instruments and apparatus; for measuring or checking semiconductor wafers or devices (including integrated circuits),N/A,0.0,59349.0,1321868.0,True
2024,360,Indonesia,156,China,M,Import,846233,"Machine-tools; shearing machines (excluding presses) for flat products, numerically controlled, other than combined punching and shearing machines, for working metal",N/A,0.0,353020.0,1075957.0,True
2024,360,Indonesia,156,China,M,Import,846029,"Machine-tools; grinding machines (excluding flat-surface), other than numerically controlled",N/A,0.0,308995.0,1060753.0,True
2024,360,Indonesia,156,China,M,Import,853939,"Lamps; discharge, (excluding ultra-violet, excluding fluorescent, hot cathode)",N/A,0.0,165300.0,968460.0,True
2024,360,Indonesia,156,China,M,Import,901811,"Medical, surgical instruments and appliances; electro-cardiographs",N/A,0.0,7102.0,956273.0,True
2024,360,Indonesia,156,China,M,Import,910291,"Pocket watches and other watches, including stop-watches; (excluding wrist-watches), other than those of heading no. 9101, electrically operated",N/A,0.0,325890.0,940604.0,True
2024,360,Indonesia,156,China,M,Import,842482,"Mechanical appliances; agricultural or horticultural, n.e.c. in heading 8424",N/A,0.0,290698.0,925658.0,True
2024,360,Indonesia,156,China,M,Import,847090,Machines incorporating a calculating device; n.e.c. in heading no. 8470,N/A,0.0,93621.0,917054.0,True
2024,360,Indonesia,156,China,M,Import,401180,"Rubber; new pneumatic tyres, of a kind used on construction, mining or industrial handling vehicles and machines",N/A,0.0,352635.0,913933.0,True
2024,360,Indonesia,156,China,M,Import,940169,"Seats; with wooden frames, not upholstered, (excluding medical, surgical, dental, veterinary or barber furniture)",N/A,0.0,369838.0,900045.0,True
2024,360,Indonesia,156,China,M,Import,852842,"Monitors; cathode-ray tube, capable of directly connecting to and designed for use with an automatic data processing machine of heading 84.71",N/A,0.0,59723.0,895908.0,True
2024,360,Indonesia,156,China,M,Import,851431,"Furnaces and ovens; electric, for industrial or laboratory use, other than those functioning by induction, dielectric loss or resistance heated, electron beam furnaces",N/A,0.0,174691.0,887902.0,True
2024,360,Indonesia,156,China,M,Import,851210,"Lighting or visual signalling equipment; electrical, of a kind used on bicycles, excluding articles of heading no. 8539",N/A,0.0,426955.0,886708.0,True
2024,360,Indonesia,156,China,M,Import,844315,"Printing machinery; letterpress, other than reel-fed, excluding flexographic printing",N/A,0.0,147360.0,868421.0,True
2024,360,Indonesia,156,China,M,Import,850180,"Electric generators; (excluding generating sets), photovoltaic AC generators (alternators)",N/A,0.0,180794.0,787537.0,True
2024,360,Indonesia,156,China,M,Import,846225,"Machine-tools; bending, folding, straightening or flattening machines (including presses), for working metal, numerically controlled roll forming machines",N/A,0.0,259082.0,771606.0,True
2024,360,Indonesia,156,China,M,Import,910910,"Clock movements; complete and assembled, electrically operated",N/A,0.0,209416.0,769236.0,True
2024,360,Indonesia,156,China,M,Import,846040,Machine-tools; for honing or lapping,N/A,0.0,130638.0,652378.0,True
2024,360,Indonesia,156,China,M,Import,910199,"Pocket-watches and other watches, including stop-watches; (excluding wrist-watches), with case of precious metal or of metal clad with precious metal, not electrically operated",N/A,0.0,602379.0,633281.0,True
2024,360,Indonesia,156,China,M,Import,910610,"Time recording apparatus; time-registers, time recorders, with clock, watch movement or synchronous motor",N/A,0.0,207944.0,611267.0,True
2024,360,Indonesia,156,China,M,Import,880623,"Unmanned aircraft; for remote-controlled flight only, for other than for carriage of passengers, with the maximum take-off weight of more than 7kg but not more than 25kg",N/A,0.0,8781.0,601378.0,True
2024,360,Indonesia,156,China,M,Import,852799,Radio-broadcast receivers n.e.c. in heading no. 8527; not combined with sound recording or reproducing apparatus and not combined with a clock,N/A,0.0,395532.0,586319.0,True
2024,360,Indonesia,156,China,M,Import,846263,"Machine-tools; cold metal working presses, servo-presses",N/A,0.0,174650.0,562123.0,True
2024,360,Indonesia,156,China,M,Import,845140,"Machines; for washing, bleaching or dyeing",N/A,0.0,23769.0,490000.0,True
2024,360,Indonesia,156,China,M,Import,841311,"Pumps; fitted or designed to be fitted with a measuring device, for dispensing fuel or lubricants, of the type used in filling-stations or in garages",N/A,0.0,81337.0,481447.0,True
2024,360,Indonesia,156,China,M,Import,842121,Machinery; for filtering or purifying water,N/A,0.0,34454.0,465690.0,True
2024,360,Indonesia,156,China,M,Import,847021,"Calculating machines; electronic, incorporating a printing device, needing an external source of power",N/A,0.0,20647.0,447025.0,True
2024,360,Indonesia,156,China,M,Import,970390,"Sculptures and statuary; original, in any material, of an age not exceeding 100 years",N/A,0.0,303412.0,446045.0,True
2024,360,Indonesia,156,China,M,Import,843360,"Machines; for cleaning, sorting or grading eggs, fruit or other agricultural produce",N/A,0.0,42816.0,342728.0,True
2024,360,Indonesia,156,China,M,Import,843359,Harvesting machinery; n.e.c. in heading no. 8433,N/A,0.0,90785.0,335924.0,True
2024,360,Indonesia,156,China,M,Import,841370,"Pumps; centrifugal, n.e.c. in heading no. 8413, for liquids",N/A,0.0,4628.0,277353.0,True
2024,360,Indonesia,156,China,M,Import,847930,Machinery and mechanical appliances; presses for the manufacture of particle or fibre building board of wood or other ligneous materials and other machinery for treating wood or cork,N/A,0.0,68600.0,270200.0,True
2024,360,Indonesia,156,China,M,Import,841011,"Turbines; hydraulic turbines and water wheels, of a power not exceeding 1000kW",N/A,0.0,103865.0,259350.0,True
2024,360,Indonesia,156,China,M,Import,950632,Golf balls,N/A,0.0,96506.0,245804.0,True
2024,360,Indonesia,156,China,M,Import,911120,"Watch cases; of base metal, whether or not gold-plated or silver-plated",N/A,0.0,2978.0,171484.0,True
2024,360,Indonesia,156,China,M,Import,842129,"Machinery; for filtering or purifying liquids, n.e.c. in item no. 8421.2",N/A,0.0,12890.0,164418.0,True
2024,360,Indonesia,156,China,M,Import,280440,Oxygen,N/A,0.0,59207.0,141329.0,True
2024,360,Indonesia,156,China,M,Import,852412,"Flat panel display modules, whether or not incorporating touch-sensitive screens; of organic light-emitting diodes (OLED), without drivers or control circuits",N/A,0.0,12509.0,139990.0,True
2024,360,Indonesia,156,China,M,Import,370296,"Photographic film; other than for colour photography, in rolls, sensitised, unexposed, of a width not exceeding 35mm and of a length not exceeding 30m (other than of paper, paperboard or textiles)",N/A,0.0,701.0,136904.0,True
2024,360,Indonesia,156,China,M,Import,911011,"Watches; complete movements, unassembled or partly assembled (movement sets)",N/A,0.0,41368.0,121747.0,True
2024,360,Indonesia,156,China,M,Import,900850,"Image projectors, photographic enlargers and reducers, excluding cinematographic",N/A,0.0,63081.0,117690.0,True
2024,360,Indonesia,156,China,M,Import,842139,"Machinery; for filtering or purifying gases, other than intake air filters, catalytic converters or particulate filters for internal combustion engines",N/A,0.0,3658.0,112512.0,True
2024,360,Indonesia,156,China,M,Import,900720,"Projectors, cinematographic; whether or not incorporating sound recording or reproducing apparatus",N/A,0.0,60661.0,108328.0,True
2024,360,Indonesia,156,China,M,Import,930390,Firearms; n.e.c. in heading no. 9303,N/A,0.0,6306.0,106825.0,True
2024,360,Indonesia,156,China,M,Import,843410,Milking machines,N/A,0.0,11491.0,101105.0,True
2024,360,Indonesia,156,China,M,Import,911180,Watch cases; n.e.c. in heading no. 9111,N/A,0.0,24826.0,96397.0,True
2024,360,Indonesia,156,China,M,Import,850240,Electric rotary converters,N/A,0.0,11512.0,94420.0,True
2024,360,Indonesia,156,China,M,Import,845150,"Machines; for reeling, unreeling, folding, cutting or pinking textile fabrics",N/A,0.0,3961.0,88232.0,True
2024,360,Indonesia,156,China,M,Import,846224,"Machine-tools; bending, folding, straightening or flattening machines (including presses), for working metal, numerically controlled panel benders",N/A,0.0,31866.0,83588.0,True
2024,360,Indonesia,156,China,M,Import,910191,"Pocket-watches and other watches, including stop-watches; (excluding wrist-watches), with case of precious metal or of metal clad with precious metal, electrically operated",N/A,0.0,66242.0,80684.0,True
2024,360,Indonesia,156,China,M,Import,902213,"Apparatus based on the use of x-rays; including radiography or radiotherapy apparatus, for dental uses, excluding computed tomography apparatus",N/A,0.0,1130.0,80500.0,True
2024,360,Indonesia,156,China,M,Import,902511,"Thermometers and pyrometers; liquid filled, for direct reading, not combined with other instruments",N/A,0.0,11163.0,63781.0,True
2024,360,Indonesia,156,China,M,Import,854040,"Tubes; data/graphic display tubes, monochrome; data/graphic display tubes, colour, with a phosphor dot screen pitch smaller than 0.4mm",N/A,0.0,15469.0,63501.0,True
2024,360,Indonesia,156,China,M,Import,950440,Games; playing cards,N/A,0.0,6523.0,61637.0,True
2024,360,Indonesia,156,China,M,Import,846022,"Machine-tools; grinding machines (excluding flat-surface), centreless, numerically controlled",N/A,0.0,8314.0,48253.0,True
2024,360,Indonesia,156,China,M,Import,910819,"Watch movements; complete and assembled, electrically operated, by means of solar cells, without mechanical display or device including such or opto-electronic display",N/A,0.0,47077.0,47010.0,True
2024,360,Indonesia,156,China,M,Import,847480,"Machines; for agglomerating, shaping or moulding solid mineral fuels, ceramic paste, unhardened cements, plastering materials in powder or paste form, machines for forming foundry moulds of sand",N/A,0.0,21.0,46385.0,True
2024,360,Indonesia,156,China,M,Import,845611,Machine-tools; for working any material by removal of material; operated by laser,N/A,0.0,4470.0,45364.0,True
2024,360,Indonesia,156,China,M,Import,401310,"Rubber; inner tubes, of a kind used on motorcars (including station wagons and racing cars), buses and lorries",N/A,0.0,19078.0,44223.0,True
2024,360,Indonesia,156,China,M,Import,848210,Ball bearings,N/A,0.0,3828.0,41618.0,True
2024,360,Indonesia,156,China,M,Import,846490,"Machine-tools; for working stone, ceramics, concrete, asbestos-cement or like mineral materials or for cold working glass, (other than sawing, grinding or polishing machines)",N/A,0.0,3347.0,38500.0,True
2024,360,Indonesia,156,China,M,Import,848340,"Gears and gearing; (not toothed wheels, chain sprockets and other transmission elements presented separately); ball or roller screws; gear boxes and other speed changers, including torque converters",N/A,0.0,6700.0,34600.0,True
2024,360,Indonesia,156,China,M,Import,852190,Video recording or reproducing apparatus; other than magnetic tape-type,N/A,0.0,349.0,33488.0,True
2024,360,Indonesia,156,China,M,Import,845951,"Machine-tools; for milling by removing metal, knee-type, numerically controlled",N/A,0.0,4594.0,26995.0,True
2024,360,Indonesia,156,China,M,Import,847740,"Machinery; vacuum moulding machines and other thermoforming machines, for working rubber or plastics or for the manufacture of products from these materials",N/A,0.0,4634.0,26804.0,True
2024,360,Indonesia,156,China,M,Import,850760,"Electric accumulators; lithium-ion, including separators, whether or not rectangular (including square)",N/A,0.0,564.0,26025.0,True
2024,360,Indonesia,156,China,M,Import,851230,"Sound signalling equipment; electrical, used on cycles or motor vehicles (excluding articles of heading no. 8539)",N/A,0.0,1332.0,22373.0,True
2024,360,Indonesia,156,China,M,Import,852589,Television cameras; n.e.c. in item no 8525.8,N/A,0.0,697.0,21924.0,True
2024,360,Indonesia,156,China,M,Import,850131,"Electric motors and generators; DC, of an output not exceeding 750W",N/A,0.0,1814.0,19713.0,True
2024,360,Indonesia,156,China,M,Import,842839,"Elevators and conveyors; continuous-action, for goods or materials, n.e.c. in item no. 8428.20, 8428.31, 8428.32 or 8428.33",N/A,0.0,3554.0,18598.0,True
2024,360,Indonesia,156,China,M,Import,732182,"Domestic appliances; non-electric, (other than cookers and plate warmers), for liquid fuel, of iron or steel",N/A,0.0,15753.0,18037.0,True
2024,360,Indonesia,156,China,M,Import,848250,"Bearings; cylindrical roller bearings, including cage and roller assemblies n.e.c. in heading no. 8482",N/A,0.0,4304.0,17563.0,True
2024,360,Indonesia,156,China,M,Import,700312,"Glass; cast glass and rolled glass, non-wired sheets, coloured through the mass (body tinted), opacified, flashed or having an absorbent, reflecting or non-reflecting layer",N/A,0.0,7357.0,16920.0,True
2024,360,Indonesia,156,China,M,Import,844630,"Weaving machines (looms); for weaving fabrics of a width exceeding 30cm, shuttleless type",N/A,0.0,3995.0,16506.0,True
2024,360,Indonesia,156,China,M,Import,842890,"Lifting, handling, loading or unloading machinery; n.e.c. in heading no. 8425, 8426, 8427 or 8428",N/A,0.0,101.0,16126.0,True
2024,360,Indonesia,156,China,M,Import,852110,Video recording or reproducing apparatus; magnetic tape-type,N/A,0.0,3493.0,15553.0,True
2024,360,Indonesia,156,China,M,Import,845229,Sewing machines; not household or automatic unit type,N/A,0.0,470.0,15134.0,True
2024,360,Indonesia,156,China,M,Import,854129,"Electrical apparatus; transistors, (other than photosensitive), with a dissipation rate of 1W or more",N/A,0.0,475.0,14836.0,True
2024,360,Indonesia,156,China,M,Import,852692,Radio remote control apparatus,N/A,0.0,74.0,14561.0,True
2024,360,Indonesia,156,China,M,Import,841480,"Pumps and compressors; for air, vacuum or gas, n.e.c. in heading no. 8414",N/A,0.0,558.0,14348.0,True
2024,360,Indonesia,156,China,M,Import,842240,Machinery; for packing or wrapping,N/A,0.0,2251.0,13899.0,True
2024,360,Indonesia,156,China,M,Import,850110,Electric motors; of an output not exceeding 37.5W,N/A,0.0,2372.0,13676.0,True
2024,360,Indonesia,156,China,M,Import,851711,Line telephone sets with cordless handsets,N/A,0.0,269.0,12660.0,True
2024,360,Indonesia,156,China,M,Import,850440,Electrical static converters,N/A,0.0,1157.0,12327.0,True
2024,360,Indonesia,156,China,M,Import,841459,Fans; n.e.c. in item no. 8414.51,N/A,0.0,460.0,12319.0,True
2024,360,Indonesia,156,China,M,Import,854231,"Electronic integrated circuits; processors and controllers, whether or not combined with memories, converters, logic circuits, amplifiers, clock and timing circuits, or other circuits",N/A,0.0,521.0,12261.0,True
2024,360,Indonesia,156,China,M,Import,851762,"Communication apparatus (excluding telephone sets or base stations); machines for the reception, conversion and transmission or regeneration of voice, images or other data, including switching and routing apparatus",N/A,0.0,408.0,11244.0,True
2024,360,Indonesia,156,China,M,Import,842810,Lifts and skip hoists,N/A,0.0,4665.0,11150.0,True
2024,360,Indonesia,156,China,M,Import,845221,"Sewing machines; (not household type), automatic units",N/A,0.0,142.0,9404.0,True
2024,360,Indonesia,156,China,M,Import,960860,"Pens; ball-point, refills comprising the ball point and ink-reservoir",N/A,0.0,1995.0,9304.0,True
2024,360,Indonesia,156,China,M,Import,842860,"Teleferics, chair-lifts, ski-draglines, traction mechanisms for funiculars",N/A,0.0,508.0,9072.0,True
2024,360,Indonesia,156,China,M,Import,846039,"Machine-tools; sharpening (tool or cutter grinding) machines, other than numerically controlled",N/A,0.0,1411.0,8712.0,True
2024,360,Indonesia,156,China,M,Import,902620,Instruments and apparatus; for measuring or checking pressure,N/A,0.0,268.0,8598.0,True
2024,360,Indonesia,156,China,M,Import,854081,Valves and tubes; receiver or amplifier,N/A,0.0,1437.0,8430.0,True
2024,360,Indonesia,156,China,M,Import,850610,"Cells and batteries; primary, manganese dioxide",N/A,0.0,2120.0,8386.0,True
2024,360,Indonesia,156,China,M,Import,847160,"Units of automatic data processing machines; input or output units, whether or not containing storage units in the same housing",N/A,0.0,497.0,8212.0,True
2024,360,Indonesia,156,China,M,Import,852349,"Optical media; recorded, excluding products of Chapter 37",N/A,0.0,973.0,8199.0,True
2024,360,Indonesia,156,China,M,Import,910229,"Wrist-watches; whether or not incorporating a stop-watch facility, with other than automatic winding",N/A,0.0,173.0,8077.0,True
2024,360,Indonesia,156,China,M,Import,910310,"Clocks; with watch movements, electrically operated, excluding clocks of heading no. 9104",N/A,0.0,6948.0,8071.0,True
2024,360,Indonesia,156,China,M,Import,901720,"Drawing, marking-out or mathematical calculating instruments",N/A,0.0,160.0,7951.0,True
2024,360,Indonesia,156,China,M,Import,852321,"Magnetic media; cards incorporating a magnetic stripe, whether or not recorded, excluding products of Chapter 37",N/A,0.0,1016.0,7799.0,True
2024,360,Indonesia,156,China,M,Import,280410,Hydrogen,N/A,0.0,204.0,7571.0,True
2024,360,Indonesia,156,China,M,Import,851830,"Headphones and earphones, whether or not combined with a microphone, and sets consisting of a microphone and one or more loudspeakers",N/A,0.0,569.0,6762.0,True
2024,360,Indonesia,156,China,M,Import,841381,Pumps and liquid elevators; n.e.c. in heading no. 8413,N/A,0.0,1531.0,6306.0,True
2024,360,Indonesia,156,China,M,Import,854110,"Electrical apparatus; diodes, other than photosensitive or light-emitting diodes (LED)",N/A,0.0,938.0,6305.0,True
2024,360,Indonesia,156,China,M,Import,844314,"Printing machinery; letterpress, reel-fed, excluding flexographic printing",N/A,0.0,628.0,5706.0,True
2024,360,Indonesia,156,China,M,Import,852351,"Semiconductor media; solid-state non-volatile storage devices, whether or not recorded, excluding products of Chapter 37",N/A,0.0,177.0,5566.0,True
2024,360,Indonesia,156,China,M,Import,848280,"Bearings; n.e.c. in heading no. 8482, including combined ball/roller",N/A,0.0,324.0,5315.0,True
2024,360,Indonesia,156,China,M,Import,847170,Units of automatic data processing machines; storage units,N/A,0.0,170.0,5231.0,True
2024,360,Indonesia,156,China,M,Import,854370,"Electrical machines and apparatus; having individual functions, not specified or included elsewhere in this chapter, n.e.c. in heading no. 8543",N/A,0.0,260.0,5171.0,True
2024,360,Indonesia,156,China,M,Import,841939,"Dryers; for products n.e.c. in heading no. 8419, not used for domestic purposes",N/A,0.0,51.0,4880.0,True
2024,360,Indonesia,156,China,M,Import,590490,"Textiles floor coverings; consisting of a coating or covering applied on a textile backing, whether or not cut to shape, other than linoleum",N/A,0.0,757.0,4788.0,True
2024,360,Indonesia,156,China,M,Import,650610,"Headgear; safety, whether or not lined or trimmed",N/A,0.0,134.0,4393.0,True
2024,360,Indonesia,156,China,M,Import,851829,Loudspeakers; not mounted in their enclosures,N/A,0.0,163.0,4078.0,True
2024,360,Indonesia,156,China,M,Import,841121,Turbo-propellers; of a power not exceeding 1100kW,N/A,0.0,1396.0,4020.0,True
2024,360,Indonesia,156,China,M,Import,842790,"Fork-lift and other works trucks; fitted with lifting or handling equipment, not self-propelled",N/A,0.0,1047.0,3979.0,True
2024,360,Indonesia,156,China,M,Import,853922,"Lamps; filament, (excluding ultra-violet or infra-red), of a power not exceeding 200W and for a voltage exceeding 100 volts, other than tungsten halogen",N/A,0.0,155.0,3955.0,True
2024,360,Indonesia,156,China,M,Import,853110,"Signalling apparatus; electric, sound or visual, burglar or fire alarms and similar, other than those of heading no. 8512 or 8530",N/A,0.0,441.0,3876.0,True
2024,360,Indonesia,156,China,M,Import,902580,"Hydrometers and similar floating instruments, barometers, hygrometers, psychrometers, thermometers, pyrometers; recording or not, any combination of these instruments (excluding thermometers and barometers not combined with other instruments)",N/A,0.0,137.0,3765.0,True
2024,360,Indonesia,156,China,M,Import,570310,"Carpets and other textile floor coverings (including turf); tufted, of wool or fine animal hair, whether or not made up",N/A,0.0,1778.0,3634.0,True
2024,360,Indonesia,156,China,M,Import,930400,"Firearms; (e.g. spring, air or gas guns and pistols, truncheons), excluding those of heading no. 9307",N/A,0.0,81.0,3363.0,True
2024,360,Indonesia,156,China,M,Import,852499,"Flat panel display modules, whether or not incorporating touch-sensitive screens; of other than liquid crystals or organic light-emitting diodes (OLED), with drivers or control circuits",N/A,0.0,106.0,3334.0,True
2024,360,Indonesia,156,China,M,Import,846719,"Tools; for working in the hand, pneumatic, other than rotary type",N/A,0.0,856.0,3113.0,True
2024,360,Indonesia,156,China,M,Import,950790,"Fishing tackle n.e.c., butterfly nets, decoy birds (other than those of heading no. 9208 or 9705) and similar hunting or shooting requisites",N/A,0.0,117.0,3054.0,True
2024,360,Indonesia,156,China,M,Import,851220,"Lighting or visual signalling equipment; electrical, of a kind used on motor vehicles (excluding articles of heading no. 8539)",N/A,0.0,271.0,2920.0,True
2024,360,Indonesia,156,China,M,Import,852581,"Television cameras, digital cameras and video camera recorders; high-speed goods as specified in subheading note 1 to this chapter",N/A,0.0,129.0,2832.0,True
2024,360,Indonesia,156,China,M,Import,852359,"Semiconductor media; other than smart cards, whether or not recorded, excluding products of Chapter 37",N/A,0.0,9.0,2784.0,True
2024,360,Indonesia,156,China,M,Import,847982,"Machines; for mixing, kneading, crushing, grinding, screening, sifting, homogenising, emulsifying or stirring",N/A,0.0,707.0,2781.0,True
2024,360,Indonesia,156,China,M,Import,420229,"Cases and containers; handbags (whether or not with shoulder strap and including those without handle), of vulcanised fibre or of paperboard, or wholly or mainly covered with such materials or with paper",N/A,0.0,353.0,2736.0,True
2024,360,Indonesia,156,China,M,Import,841360,"Pumps; rotary positive displacement pumps, n.e.c. in heading no. 8413, for liquids",N/A,0.0,270.0,2693.0,True
2024,360,Indonesia,156,China,M,Import,845130,Ironing machines and presses (including fusing presses),N/A,0.0,180.0,2600.0,True
2024,360,Indonesia,156,China,M,Import,840810,"Engines; for marine propulsion, compression-ignition internal combustion piston engines (diesel or semi-diesel engines)",N/A,0.0,2201.0,2417.0,True
2024,360,Indonesia,156,China,M,Import,902519,"Thermometers and pyrometers; (other than liquid filled, for direct reading), not combined with other instruments",N/A,0.0,35.0,2356.0,True
2024,360,Indonesia,156,China,M,Import,853910,Lamps; sealed beam units,N/A,0.0,103.0,2299.0,True
2024,360,Indonesia,156,China,M,Import,920890,"Fairground and mechanical street organs, mechanical singing birds, musical saws and musical instruments n.e.c. in chapter 92; decoy calls of all kinds; whistles; call horns and other mouth-blown sound signalling instruments",N/A,0.0,80.0,2214.0,True
2024,360,Indonesia,156,China,M,Import,851850,Amplifier sets; electric sound,N/A,0.0,95.0,2017.0,True
2024,360,Indonesia,156,China,M,Import,851580,"Welding machines and apparatus; n.e.c. in heading no. 8515, whether or not capable of cutting",N/A,0.0,406.0,1971.0,True
2024,360,Indonesia,156,China,M,Import,610332,"Jackets and blazers; men's or boys', of cotton, knitted or crocheted",N/A,0.0,223.0,1969.0,True
2024,360,Indonesia,156,China,M,Import,420212,"Cases and containers; trunks, suit-cases, vanity-cases, executive-cases, brief-cases, school satchels and similar containers, with outer surface of plastics or of textile materials",N/A,0.0,281.0,1928.0,True
2024,360,Indonesia,156,China,M,Import,842420,Spray guns and similar appliances,N/A,0.0,341.0,1914.0,True
2024,360,Indonesia,156,China,M,Import,821192,"Knives; having fixed cutting blades, (other than table knives), serrated or not, excluding knives and blades of heading no. 8208",N/A,0.0,321.0,1901.0,True
2024,360,Indonesia,156,China,M,Import,903180,"Instruments, appliances and machines; for measuring or checking n.e.c. in chapter 90",N/A,0.0,39.0,1842.0,True
2024,360,Indonesia,156,China,M,Import,620220,"Coats; women's or girls', overcoats, raincoats, car-coats, capes, cloaks anoraks (including ski-jackets) and similar articles, of wool or fine animal hair, other than those of heading no. 6204 (not knitted or crocheted)",N/A,0.0,93.0,1783.0,True
2024,360,Indonesia,156,China,M,Import,940360,"Furniture; wooden, other than for office, kitchen or bedroom use",N/A,0.0,182.0,1765.0,True
2024,360,Indonesia,156,China,M,Import,853120,"Signalling apparatus; electric, sound or visual, indicator panels incorporating liquid crystal devices (LCD) or light-emitting diodes (LED), excluding those of heading no. 8512 or 8530",N/A,0.0,137.0,1762.0,True
2024,360,Indonesia,156,China,M,Import,903289,"Regulating or controlling instruments and apparatus; automatic, other than hydraulic or pneumatic",N/A,0.0,110.0,1695.0,True
2024,360,Indonesia,156,China,M,Import,940159,"Seats; of cane, osier or similar materials, other than bamboo or rattan",N/A,0.0,705.0,1693.0,True
2024,360,Indonesia,156,China,M,Import,841950,Heat exchange units; not used for domestic purposes,N/A,0.0,319.0,1664.0,True
2024,360,Indonesia,156,China,M,Import,910219,"Wrist-watches; electrically operated, with or without a stop-watch, (other than those of heading no. 9101) without mechanical or opto-electronic display",N/A,0.0,1.0,1512.0,True
2024,360,Indonesia,156,China,M,Import,970121,"Paintings, drawings and pastels; executed entirely by hand, other than drawings of heading no. 4906, of an age exceeding 100 years",N/A,0.0,85.0,1443.0,True
2024,360,Indonesia,156,China,M,Import,851821,"Loudspeakers; single, mounted in their enclosures",N/A,0.0,82.0,1425.0,True
2024,360,Indonesia,156,China,M,Import,847989,"Machines and mechanical appliances; having individual functions, n.e.c. or included in this chapter",N/A,0.0,244.0,1358.0,True
2024,360,Indonesia,156,China,M,Import,910299,"Pocket watches and other watches, including stop-watches; (excluding wrist-watches), other than those of heading no. 9101, other than electrically operated",N/A,0.0,40.0,1349.0,True
2024,360,Indonesia,156,China,M,Import,611710,"Shawls, scarves, mufflers, mantillas, veils and the like; knitted or crocheted",N/A,0.0,129.0,1324.0,True
2024,360,Indonesia,156,China,M,Import,850730,"Electric accumulators; nickel-cadmium, including separators, whether or not rectangular (including square)",N/A,0.0,16.0,1256.0,True
2024,360,Indonesia,156,China,M,Import,851671,"Electro-thermic appliances; coffee or tea makers, of a kind used for domestic purposes",N/A,0.0,32.0,1211.0,True
2024,360,Indonesia,156,China,M,Import,841430,Compressors; of a kind used in refrigerating equipment,N/A,0.0,75.0,1196.0,True
2024,360,Indonesia,156,China,M,Import,420221,"Cases and containers; handbags (whether or not with shoulder strap and including those without handle), with outer surface of leather or of composition leather",N/A,0.0,64.0,1192.0,True
2024,360,Indonesia,156,China,M,Import,960810,Pens; ball point,N/A,0.0,167.0,1152.0,True
2024,360,Indonesia,156,China,M,Import,842519,Pulley tackle and hoists; not powered by an electric motor (excluding skip hoists or hoists of a kind used for raising vehicles),N/A,0.0,92.0,1145.0,True
2024,360,Indonesia,156,China,M,Import,847759,"Machinery; for moulding or forming, for working rubber or plastics or for the manufacture of products from these materials, n.e.c. in this chapter",N/A,0.0,186.0,1134.0,True
2024,360,Indonesia,156,China,M,Import,960330,"Brushes; artists' brushes, writing brushes and similar brushes for the application of cosmetics",N/A,0.0,103.0,1069.0,True
2024,360,Indonesia,156,China,M,Import,851310,"Lamps; portable, electric, designed to function by their own source of energy (excluding lighting equipment of heading no. 8512)",N/A,0.0,65.0,998.0,True
2024,360,Indonesia,156,China,M,Import,570190,"Carpets and other textile floor coverings; knotted, of textile materials (other than wool or fine animal hair), whether or not made up",N/A,0.0,150.0,978.0,True
2024,360,Indonesia,156,China,M,Import,621490,"Shawls, scarves, mufflers, mantillas, veils and the like; of textile materials n.e.c. in heading no. 6214 (not knitted or crocheted)",N/A,0.0,61.0,956.0,True
2024,360,Indonesia,156,China,M,Import,854121,"Electrical apparatus; transistors, (other than photosensitive), with a dissipation rate of less than 1W",N/A,0.0,1.0,902.0,True
2024,360,Indonesia,156,China,M,Import,847190,"Magnetic or optical readers, machines for transcribing data onto data media in coded form and machines for processing such data, not elsewhere specified or included",N/A,0.0,38.0,896.0,True
2024,360,Indonesia,156,China,M,Import,901849,Dental instruments and appliances; other than dental drill engines,N/A,0.0,28.0,883.0,True
2024,360,Indonesia,156,China,M,Import,420219,"Cases and containers; trunks, suit-cases, vanity-cases, executive-cases, brief-cases, school satchels and similar containers, of vulcanised fibre or of paperboard, or wholly or mainly covered with such materials or with paper",N/A,0.0,237.0,858.0,True
2024,360,Indonesia,156,China,M,Import,901180,"Microscopes, compound optical; (other than stereoscopic and microscopes for photomicrography, cinephotomicrography or microprojection)",N/A,0.0,66.0,842.0,True
2024,360,Indonesia,156,China,M,Import,852380,"Media n.e.c. in heading 8523, whether or not recorded, excluding products of Chapter 37",N/A,0.0,49.0,839.0,True
2024,360,Indonesia,156,China,M,Import,841330,"Pumps; fuel, lubricating or cooling medium pumps for internal combustion piston engines",N/A,0.0,18.0,823.0,True
2024,360,Indonesia,156,China,M,Import,901890,"Medical, surgical or dental instruments and appliances; n.e.c. in heading no. 9018",N/A,0.0,38.0,791.0,True
2024,360,Indonesia,156,China,M,Import,611090,"Jerseys, pullovers, cardigans, waistcoats and similar articles; of textile materials (other than wool or fine animal hair, cotton or man-made fibres), knitted or crocheted",N/A,0.0,121.0,787.0,True
2024,360,Indonesia,156,China,M,Import,960390,"Brooms, brushes, mops, feather dusters, squeegees, hand operated mechanical floor sweepers; (not motorised), prepared knots and tufts for brooms or brush making n.e.c.",N/A,0.0,80.0,755.0,True
2024,360,Indonesia,156,China,M,Import,900490,"Spectacles, goggles and the like; (other than sunglasses) corrective, protective or other",N/A,0.0,63.0,752.0,True
2024,360,Indonesia,156,China,M,Import,852719,Radio broadcast receivers capable of operating without an external power source; n.e.c. in item no. 8527.1,N/A,0.0,13.0,740.0,True
2024,360,Indonesia,156,China,M,Import,920590,"Musical instruments; wind, other than brass, (eg. clarinet, bagpipes, pipe organs), other than fairground organs and mechanical street organs",N/A,0.0,23.0,739.0,True
2024,360,Indonesia,156,China,M,Import,851810,Microphones and stands therefor,N/A,0.0,60.0,729.0,True
2024,360,Indonesia,156,China,M,Import,852550,"Transmission apparatus for radio-broadcasting or television, whether or not incorporating sound recording or reproducing apparatus, not incorporating reception apparatus",N/A,0.0,14.0,716.0,True
2024,360,Indonesia,156,China,M,Import,851539,"Welding machines and apparatus; for arc (including plasma arc) welding of metals, other than fully or partly automatic, whether or not capable of cutting",N/A,0.0,1.0,713.0,True
2024,360,Indonesia,156,China,M,Import,291211,"Aldehydes; acyclic, without other oxygen function, methanal (formaldehyde)",N/A,0.0,0.0,705.0,True
2024,360,Indonesia,156,China,M,Import,843280,Rollers; for lawns or sports-grounds,N/A,0.0,160.0,695.0,True
2024,360,Indonesia,156,China,M,Import,900580,"Monoculars; other optical telescopes and astronomical instruments, excluding instruments for radio-astronomy",N/A,0.0,35.0,657.0,True
2024,360,Indonesia,156,China,M,Import,970290,"Engravings, prints and lithographs; original of an age not exceeding 100 years",N/A,0.0,63.0,641.0,True
2024,360,Indonesia,156,China,M,Import,851439,"Furnaces and ovens; electric, for industrial or laboratory use, other than those functioning by induction, dielectric loss or resistance heated, other than electron beam, plasma or vacuum arc furnaces",N/A,0.0,60.0,619.0,True
2024,360,Indonesia,156,China,M,Import,903210,"Regulating or controlling instruments and apparatus; automatic type, thermostats",N/A,0.0,21.0,605.0,True
2024,360,Indonesia,156,China,M,Import,071040,"Vegetables; sweetcorn, uncooked or cooked by steaming or boiling in water, frozen",N/A,0.0,0.0,598.0,True
2024,360,Indonesia,156,China,M,Import,950710,Fishing rods,N/A,0.0,33.0,589.0,True
2024,360,Indonesia,156,China,M,Import,842381,"Weighing machines; other than personal, conveyor or constant weight scales, having a maximum weighing capacity not exceeding 30kg (excluding balances of a sensitivity of 5cg or better)",N/A,0.0,139.0,568.0,True
2024,360,Indonesia,156,China,M,Import,847141,"Automatic data processing machines; comprising in the same housing at least a central processing unit and an input and output unit, whether or not combined, n.e.c. in item no. 8471.30",N/A,0.0,9.0,559.0,True
2024,360,Indonesia,156,China,M,Import,850650,"Cells and batteries; primary, lithium",N/A,0.0,138.0,559.0,True
2024,360,Indonesia,156,China,M,Import,890400,Tugs and pusher craft,u,0.0,12.0,549.0,True
2024,360,Indonesia,156,China,M,Import,610449,"Dresses; women's or girls', of textile materials (other than wool or fine animal hair, cotton, synthetic or artificial fibres), knitted or crocheted",N/A,0.0,61.0,500.0,True
2024,360,Indonesia,156,China,M,Import,850152,"Electric motors; AC motors, multi-phase, of an output exceeding 750W but not exceeding 75kW",N/A,0.0,28.0,497.0,True
2024,360,Indonesia,156,China,M,Import,902910,"Meters and counters; revolution counters, production counters, taximeters, mileometers, pedometers and the like",N/A,0.0,22.0,495.0,True
2024,360,Indonesia,156,China,M,Import,920290,"Musical instruments; string, played other than with a bow (e.g. guitars and harps)",N/A,0.0,8.0,463.0,True
2024,360,Indonesia,156,China,M,Import,950730,Fishing reels,N/A,0.0,20.0,457.0,True
2024,360,Indonesia,156,China,M,Import,871495,"Cycles; parts thereof, saddles",N/A,0.0,57.0,447.0,True
2024,360,Indonesia,156,China,M,Import,846190,"Machine-tools; planing machines, and other machine-tools n.e.c. in heading no. 8461; working by removing metal, sinistered metal carbides or cerments.",N/A,0.0,8.0,447.0,True
2024,360,Indonesia,156,China,M,Import,854089,Valves and tubes; n.e.c. in heading no. 8540,N/A,0.0,1.0,440.0,True
2024,360,Indonesia,156,China,M,Import,901530,Surveying equipment; levels,N/A,0.0,43.0,438.0,True
2024,360,Indonesia,156,China,M,Import,281511,Sodium hydroxide (caustic soda); solid,N/A,0.0,0.0,420.0,True
2024,360,Indonesia,156,China,M,Import,853921,"Lamps; filament, (excluding ultra-violet or infra-red), tungsten halogen",N/A,0.0,7.0,414.0,True
2024,360,Indonesia,156,China,M,Import,853951,"Lamps; light-emitting diode (LED) light sources, light-emitting diode (LED) modules",N/A,0.0,372.0,409.0,True
2024,360,Indonesia,156,China,M,Import,950629,"Water sport equipment; water-skis, surf-boards and other water-sport equipment, excluding sailboards",N/A,0.0,30.0,407.0,True
2024,360,Indonesia,156,China,M,Import,854340,Electrical machines and apparatus; electronic cigarettes and similar personal electric vaporising devices,N/A,0.0,16.0,405.0,True
2024,360,Indonesia,156,China,M,Import,850980,"Electro-mechanical domestic appliances; with self-contained electric motor, other than vacuum cleaners of heading 85.08, n.e.c. in heading no. 8509",N/A,0.0,33.0,395.0,True
2024,360,Indonesia,156,China,M,Import,950490,"Games; articles for funfair, table or parlour games, including pintables, special tables for casino games, automatic bowling alley equipment, n.e.c. in heading 9504",N/A,0.0,52.0,394.0,True
2024,360,Indonesia,156,China,M,Import,840710,"Engines; for aircraft, spark-ignition reciprocating or rotary internal combustion piston engines",N/A,0.0,1.0,394.0,True
2024,360,Indonesia,156,China,M,Import,853949,"Lamps; ultra-violet or infra-red lamps, (excluding arc-lamps)",N/A,0.0,8.0,388.0,True
2024,360,Indonesia,156,China,M,Import,420222,"Cases and containers; handbags (whether or not with shoulder strap and including those without handle), with outer surface of sheeting of plastics or of textile materials",N/A,0.0,112.0,379.0,True
2024,360,Indonesia,156,China,M,Import,851120,"Ignition or starting equipment; ignition magnetos, magneto-dynamos and magnetic flywheels, of a kind used for spark or compression-ignition internal combustion engines",N/A,0.0,12.0,377.0,True
2024,360,Indonesia,156,China,M,Import,903281,"Regulating or controlling instruments and apparatus; automatic, hydraulic or pneumatic",N/A,0.0,1.0,360.0,True
2024,360,Indonesia,156,China,M,Import,901120,"Microscopes, compound optical; for photomicrography, cinephotomicrography or microprojection",N/A,0.0,5.0,356.0,True
2024,360,Indonesia,156,China,M,Import,620449,"Dresses; women's or girls', of textile materials n.e.c. in item no. 6204.4 (not knitted or crocheted)",N/A,0.0,49.0,354.0,True
2024,360,Indonesia,156,China,M,Import,920600,"Musical instruments; percussion (e.g. drums, xylophones, cymbals, castanets, maracas)",N/A,0.0,18.0,354.0,True
2024,360,Indonesia,156,China,M,Import,850164,"Electric generators; AC generators, (alternators), other than photovoltaic generators, of an output exceeding 750kVA",N/A,0.0,1.0,352.0,True
2024,360,Indonesia,156,China,M,Import,900661,Photographic flashlight apparatus; discharge lamp (electronic),N/A,0.0,314.0,345.0,True
2024,360,Indonesia,156,China,M,Import,880220,"Aeroplanes and other aircraft, except unmanned; of an unladen weight not exceeding 2000kg",N/A,0.0,1.0,336.0,False
2024,360,Indonesia,156,China,M,Import,851680,"Resistors; electric heating, other than those of heading no. 8545",N/A,0.0,29.0,306.0,True
2024,360,Indonesia,156,China,M,Import,852862,Projectors; capable of directly connecting to and designed for use with an automatic data processing machine of heading 84.71,N/A,0.0,9.0,303.0,True
2024,360,Indonesia,156,China,M,Import,854239,Electronic integrated circuits; n.e.c. in heading no. 8542,N/A,0.0,18.0,287.0,True
2024,360,Indonesia,156,China,M,Import,844331,"Printing, copying, and facsimile machines; machines which perform two or more of the functions of printing, copying or facsimile transmission, capable of connecting to an automatic data processing machine or to a network",N/A,0.0,23.0,287.0,True
2024,360,Indonesia,156,China,M,Import,270119,"Coal; (other than anthracite and bituminous), whether or not pulverised but not agglomerated",N/A,0.0,0.0,285.0,True
2024,360,Indonesia,156,China,M,Import,920210,"Musical instruments; string, played with a bow (e.g. violins)",N/A,0.0,6.0,273.0,True
2024,360,Indonesia,156,China,M,Import,903089,"Instruments and apparatus; n.e.c. in heading no. 9030, without a recording device",N/A,0.0,26.0,268.0,True
2024,360,Indonesia,156,China,M,Import,910591,"Clocks; (excluding those with watch movements and instrument panel clocks), (other than alarm or wall clocks), electrically operated",N/A,0.0,12.0,250.0,True
2024,360,Indonesia,156,China,M,Import,852852,Monitors; other than cathode-ray tube; capable of directly connecting to and designed for use with an automatic data processing machine of heading 84.71,N/A,0.0,18.0,243.0,True
2024,360,Indonesia,156,China,M,Import,900510,Binoculars,N/A,0.0,5.0,229.0,True
2024,360,Indonesia,156,China,M,Import,842489,"Mechanical appliances; for projecting, dispersing or spraying liquids or powders, for other than agricultural or horticultural use, whether or not hand-operated",N/A,0.0,10.0,227.0,True
2024,360,Indonesia,156,China,M,Import,420211,"Cases and containers; trunks, suit-cases, vanity-cases, executive-cases, brief-cases, school satchels and similar containers, with outer surface of leather or of composition leather",N/A,0.0,40.0,214.0,True
2024,360,Indonesia,156,China,M,Import,846711,"Tools; for working in the hand, pneumatic, rotary type (including combined rotary-percussion)",N/A,0.0,7.0,190.0,True
2024,360,Indonesia,156,China,M,Import,900130,"Lenses, contact; unmounted, of any material, excluding elements of glass not optically worked",N/A,0.0,11.0,179.0,True
2024,360,Indonesia,156,China,M,Import,901510,Rangefinders,N/A,0.0,7.0,173.0,True
2024,360,Indonesia,156,China,M,Import,902480,"Machines and appliances; for testing the hardness, strength, compressibility, elasticity or other mechanical properties of materials other than metals",N/A,0.0,32.0,172.0,True
2024,360,Indonesia,156,China,M,Import,845640,Machine tools; for working any material by removal of material; operated by plasma arc processes;,N/A,0.0,16.0,171.0,True
2024,360,Indonesia,156,China,M,Import,843880,"Machinery; used in the industrial preparation or manufacture of food or drink, n.e.c. in heading no. 8438",N/A,0.0,8.0,165.0,True
2024,360,Indonesia,156,China,M,Import,851629,Heating apparatus; electric soil heating apparatus and space heating apparatus (excluding storage heating radiators),N/A,0.0,29.0,157.0,True
2024,360,Indonesia,156,China,M,Import,441510,"Wood; cases, boxes, crates, drums, similar packings and cable-drums",N/A,0.0,53.0,156.0,True
2024,360,Indonesia,156,China,M,Import,910529,"Clocks; (excluding those with watch movements and instrument panel clocks), wall clocks, other than electrically operated",N/A,0.0,8.0,151.0,True
2024,360,Indonesia,156,China,M,Import,960321,Brushes; toothbrushes,N/A,0.0,18.0,150.0,True
2024,360,Indonesia,156,China,M,Import,845410,Converters; of a type used in metallurgy or in metal foundries,N/A,0.0,1.0,140.0,True
2024,360,Indonesia,156,China,M,Import,851632,"Hair-dressing apparatus; electro-thermic, other than hair dryers",N/A,0.0,8.0,122.0,True
2024,360,Indonesia,156,China,M,Import,610590,"Shirts; men's or boys', of textile materials (other than cotton or man-made fibres), knitted or crocheted",N/A,0.0,32.0,117.0,True
2024,360,Indonesia,156,China,M,Import,903031,"Multimeters; for measuring or checking voltage, current, resistance or power (other than those for measuring or checking semiconductor wafer or devices), without a recording device",N/A,0.0,10.0,111.0,True
2024,360,Indonesia,156,China,M,Import,880610,Unmanned aircraft; for carriage of passengers,N/A,0.0,1.0,108.0,False
2024,360,Indonesia,156,China,M,Import,844540,Textile machinery; winding (including weft-winding) or reeling machines,N/A,0.0,5.0,106.0,True
2024,360,Indonesia,156,China,M,Import,851631,Hair-dressing apparatus; electro-thermic hair dryers,N/A,0.0,12.0,105.0,True
2024,360,Indonesia,156,China,M,Import,843041,"Boring or sinking machinery; self-propelled, n.e.c. in heading no. 8430",u,0.0,13.0,101.0,True
2024,360,Indonesia,156,China,M,Import,871000,"Tanks and other armoured fighting vehicles; motorised, whether or not fitted with weapons, and parts of such vehicles",N/A,0.0,1.0,100.0,True
2024,360,Indonesia,156,China,M,Import,910390,"Clocks; with watch movements, other than electrically operated, excluding clocks of heading no. 9104",N/A,0.0,1.0,99.0,True
2024,360,Indonesia,156,China,M,Import,640320,"Footwear; with outer soles of leather, uppers consisting of leather straps across instep and around the big toe",N/A,0.0,1.0,97.0,True
2024,360,Indonesia,156,China,M,Import,961210,"Ribbons; for typewriters and the like, inked or otherwise prepared, for giving impressions, whether or not on spools or in cartridges",N/A,0.0,9.0,96.0,True
2024,360,Indonesia,156,China,M,Import,960350,"Brushes; constituting parts of machines, appliances or vehicles",N/A,0.0,16.0,91.0,True
2024,360,Indonesia,156,China,M,Import,903149,"Optical instruments and appliances; for measuring or checking, n.e.c. in chapter 90",N/A,0.0,6.0,80.0,True
2024,360,Indonesia,156,China,M,Import,940330,"Furniture; wooden, for office use",N/A,0.0,10.0,80.0,True
2024,360,Indonesia,156,China,M,Import,850410,Discharge lamps or tubes; ballasts therefor,N/A,0.0,5.0,79.0,True
2024,360,Indonesia,156,China,M,Import,610190,"Coats; men's or boys' overcoats, car-coats, capes, anoraks, wind-jackets and similar articles, of textile materials n.e.c. in heading no. 6101, knitted or crocheted (excluding those of heading no. 6103)",N/A,0.0,8.0,78.0,True
2024,360,Indonesia,156,China,M,Import,851411,"Furnaces and ovens; electric, for industrial or laboratory use, resistance heated; hot isostatic presses",N/A,0.0,1.0,76.0,True
2024,360,Indonesia,156,China,M,Import,851511,"Brazing or soldering machines and apparatus; soldering irons and guns, whether or not capable of cutting",N/A,0.0,13.0,74.0,True
2024,360,Indonesia,156,China,M,Import,843319,"Mowers; for lawns, parks or sports-grounds, other than with the cutting device rotating in a horizontal plane",N/A,0.0,7.0,70.0,True
2024,360,Indonesia,156,China,M,Import,842641,"Cranes; self-propelled derricks and cranes, on tyres, n.e.c. in heading no. 8426",u,0.0,1.0,69.0,True
2024,360,Indonesia,156,China,M,Import,821220,"Razors; safety razor blades, including razor blade blanks in strips",N/A,0.0,5.0,67.0,True
2024,360,Indonesia,156,China,M,Import,843621,Poultry incubators and brooders,N/A,0.0,6.0,67.0,True
2024,360,Indonesia,156,China,M,Import,851521,"Welding machines and apparatus; for resistance welding of metal, fully or partly automatic, whether or not capable of cutting",N/A,0.0,5.0,67.0,True
2024,360,Indonesia,156,China,M,Import,851610,"Heaters; electric, instantaneous or storage water and immersion heaters",N/A,0.0,7.0,60.0,True
2024,360,Indonesia,156,China,M,Import,841231,"Engines; pneumatic power engines and motors, linear acting (cylinders)",N/A,0.0,1.0,59.0,True
2024,360,Indonesia,156,China,M,Import,852691,Radio navigational aid apparatus,N/A,0.0,15.0,57.0,True
2024,360,Indonesia,156,China,M,Import,845180,"Machinery; for wringing, dressing, finishing, coating or impregnating textile yarns, fabrics or made up textile articles; for applying paste to base fabric used in manufacture of floor coverings",N/A,0.0,8.0,50.0,True
2024,360,Indonesia,156,China,M,Import,100199,"Cereals; wheat and meslin, other than durum wheat, other than seed",N/A,0.0,0.0,50.0,False
2024,360,Indonesia,156,China,M,Import,860390,"Railway or tramway coaches, vans and trucks; self-propelled, powered other than from an external source of electricity (excluding those of heading no. 8604)",N/A,0.0,1.0,48.0,True
2024,360,Indonesia,156,China,M,Import,620719,"Underpants and briefs; men's or boys', of textile materials other than cotton (not knitted or crocheted)",N/A,0.0,11.0,48.0,True
2024,360,Indonesia,156,China,M,Import,821110,"Knives; with cutting blades, serrated or not (including pruning knives), sets of assorted articles, excluding knives and blades of heading no. 8208",N/A,0.0,10.0,47.0,True
2024,360,Indonesia,156,China,M,Import,854079,"Tubes; microwave (for example klystrons, travelling wave tubes, carlinotrons), excluding magnetrons and grid-controlled tubes",N/A,0.0,1.0,45.0,True
2024,360,Indonesia,156,China,M,Import,841112,Turbo-jets; of a thrust exceeding 25kN,u,0.0,1.0,40.0,False
2024,360,Indonesia,156,China,M,Import,900653,"Cameras, photographic (excluding cinematographic), for roll film of a width of 35mm",N/A,0.0,1.0,40.0,True
2024,360,Indonesia,156,China,M,Import,842122,Machinery; for filtering or purifying beverages other than water,N/A,0.0,1.0,40.0,True
2024,360,Indonesia,156,China,M,Import,610419,"Suits; women's or girls', of textile materials (other than synthetic fibres), knitted or crocheted",N/A,0.0,15.0,35.0,True
2024,360,Indonesia,156,China,M,Import,700729,"Glass; safety glass, laminated, (not of a size and shape suitable for incorporation in vehicles, aircraft, spacecraft or vessels)",N/A,0.0,1.0,35.0,True
2024,360,Indonesia,156,China,M,Import,842542,"Jacks and hoists; hydraulic, of a kind used for raising vehicles",N/A,0.0,7.0,31.0,True
2024,360,Indonesia,156,China,M,Import,903020,Oscilloscopes and oscillographs,N/A,0.0,1.0,30.0,True
2024,360,Indonesia,156,China,M,Import,847180,"Units of automatic data processing machines; n.e.c. in item no. 8471.50, 8471.60 or 8471.70",N/A,0.0,1.0,28.0,True
2024,360,Indonesia,156,China,M,Import,711019,"Metals; platinum, semi-manufactured",N/A,0.0,0.0,27.0,True
2024,360,Indonesia,156,China,M,Import,840610,"Turbines; steam and other vapour turbines, for marine propulsion",N/A,0.0,1.0,25.0,True
2024,360,Indonesia,156,China,M,Import,848350,"Pulleys and flywheels, including pulley blocks",N/A,0.0,1.0,20.0,True
2024,360,Indonesia,156,China,M,Import,700330,"Glass; cast glass and rolled glass, profiles, not otherwise worked",N/A,0.0,1.0,20.0,True
2024,360,Indonesia,156,China,M,Import,960400,Hand sieves and hand riddles,N/A,0.0,12.0,20.0,True
2024,360,Indonesia,156,China,M,Import,842430,Mechanical appliances; steam or sand blasting machines and similar jet projecting machines,N/A,0.0,5.0,17.0,True
2024,360,Indonesia,156,China,M,Import,960830,"Pens; fountain, stylograph and other pens",N/A,0.0,8.0,16.0,True
2024,360,Indonesia,156,China,M,Import,901410,Navigational instruments and appliances; direction finding compasses,N/A,0.0,1.0,16.0,True
2024,360,Indonesia,156,China,M,Import,844530,Textile machinery; doubling or twisting machines,u,0.0,1.0,15.0,True
2024,360,Indonesia,156,China,M,Import,901730,"Mathematical equipment; micrometers, callipers and gauges",N/A,0.0,1.0,14.0,True
2024,360,Indonesia,156,China,M,Import,901831,"Medical, surgical instruments and appliances; syringes, with or without needles",N/A,0.0,1.0,14.0,True
2024,360,Indonesia,156,China,M,Import,710239,"Diamonds; non-industrial, (other than unworked or simply sawn, cleaved or bruted), but not mounted or set",N/A,0.0,0.0,11.0,True
2024,360,Indonesia,156,China,M,Import,871200,"Bicycles and other cycles; including delivery tricycles, not motorised",N/A,0.0,6.0,10.0,True
2024,360,Indonesia,156,China,M,Import,854232,Electronic integrated circuits; memories,N/A,0.0,1.0,10.0,True
2024,360,Indonesia,156,China,M,Import,900659,"Cameras, photographic (excluding cinematographic); n.e.c. in heading no 9006",N/A,0.0,1.0,10.0,True
2024,360,Indonesia,156,China,M,Import,902610,Instruments and apparatus; for measuring or checking the flow or level of liquids,N/A,0.0,1.0,10.0,True
2024,360,Indonesia,156,China,M,Import,841320,"Pumps; hand, fitted or designed to be fitted with a measuring device, for liquids, other than those of item no. 8413.11 or 8413.19",N/A,0.0,1.0,9.0,True
2024,360,Indonesia,156,China,M,Import,610339,"Jackets and blazers; men's or boys', of textile materials (other than wool or fine animal hair, cotton or synthetic fibres), knitted or crocheted",N/A,0.0,1.0,8.0,True
2024,360,Indonesia,156,China,M,Import,611220,Ski suits; knitted or crocheted,N/A,0.0,1.0,6.0,False
2024,360,Indonesia,156,China,M,Import,940340,"Furniture; wooden, for kitchen use",N/A,0.0,1.0,5.0,True
2024,360,Indonesia,156,China,M,Import,850153,"Electric motors; AC motors, multi-phase, of an output exceeding 75kW",N/A,0.0,1.0,4.0,True
2024,360,Indonesia,156,China,M,Import,610329,"Ensembles; men's or boys', of textile materials (other than cotton or synthetic fibres), knitted or crocheted",N/A,0.0,1.0,4.0,True
2024,360,Indonesia,156,China,M,Import,370231,"Photographic film; for colour photography (polychrome), in rolls, sensitised, unexposed, without sprocket holes, of a width not exceeding 105mm (other than of paper, paperboard or textiles)",N/A,0.0,1.0,2.0,True
2024,360,Indonesia,156,China,M,Import,850431,"Electrical transformers; n.e.c. in item no. 8504.2, having a power handling capacity not exceeding 1kVA",N/A,0.0,1.0,1.0,True
2024,360,Indonesia,156,China,M,Import,841861,Heat pumps; other than air conditioning machines of heading no. 8415,N/A,0.0,1.0,1.0,True
